Finished,"Before we begin, please indicate your maximum level of experience with machine learning.","In addition, please indicate your maximum level of experience with explainability in machine learning",Timing - First Click,Timing - Last Click,Timing - Page Submit,Timing - Click Count,What are the three most important features for the model's predictions on people older than 30 with bmi's above 35?,How much do you agree with the following statements? - I am confident I completed my answer correctly.,How much do you agree with the following statements? - Completing this task took me a lot of effort.,How much do you agree with the following statements? - The interface was useful for completing the task.,"How much do you agree with the following statements? - Based on my experience with the interface so far, I trust the interface to understand machine learning models.","How much do you agree with the following statements? - Based on my experience with the interface so far, I would use the interface again to understand machine learning models.",Timing - First Click,Timing - Last Click,Timing - Page Submit,Timing - Click Count,What is the feature importance ranking of the age feature for data point id 188?,How much do you agree with the following statements? - I am confident I completed my answer correctly.,How much do you agree with the following statements? - Completing this task took me a lot of effort.,How much do you agree with the following statements? - The interface was useful for completing the task.,"How much do you agree with the following statements? - Based on my experience with the interface so far, I trust the interface to understand machine learning models.","How much do you agree with the following statements? - Based on my experience with the interface so far, I would use the interface again to understand machine learning models.",Timing - First Click,Timing - Last Click,Timing - Page Submit,Timing - Click Count,How many individuals in the dataset are predicted to be likely to have diabetes but are not actually likely to have it?,How much do you agree with the following statements? - I am confident I completed my answer correctly.,How much do you agree with the following statements? - Completing this task took me a lot of effort.,How much do you agree with the following statements? - The interface was useful for completing the task.,"How much do you agree with the following statements? - Based on my experience with the interface so far, I trust the interface to understand machine learning models.","How much do you agree with the following statements? - Based on my experience with the interface so far, I would use the interface again to understand machine learning models.",Timing - First Click,Timing - Last Click,Timing - Page Submit,Timing - Click Count,"If patient id 293 were to decrease their bmi by five, what's the prediction probability of the ""likely to have diabetes"" class?",How much do you agree with the following statements? - I am confident I completed my answer correctly.,How much do you agree with the following statements? - Completing this task took me a lot of effort.,How much do you agree with the following statements? - The interface was useful for completing the task.,"How much do you agree with the following statements? - Based on my experience with the interface so far, I trust the interface to understand machine learning models.","How much do you agree with the following statements? - Based on my experience with the interface so far, I would use the interface again to understand machine learning models.",Timing - First Click,Timing - Last Click,Timing - Page Submit,Timing - Click Count,"Is the ""glucose"" feature more important than the ""age"" feature for the model's prediction on data point 49?",How much do you agree with the following statements? - I am confident I completed my answer correctly.,How much do you agree with the following statements? - Completing this task took me a lot of effort.,How much do you agree with the following statements? - The interface was useful for completing the task.,"How much do you agree with the following statements? - Based on my experience with the interface so far, I trust the interface to understand machine learning models.","How much do you agree with the following statements? - Based on my experience with the interface so far, I would use the interface again to understand machine learning models.",Timing - First Click,Timing - Last Click,Timing - Page Submit,Timing - Click Count,Timing - First Click,Timing - Last Click,Timing - Page Submit,Timing - Click Count,What are the three most important features for the model's predictions on people younger than 23 with glucose levels below seventy-five?,How much do you agree with the following statements? - I am confident I completed my answer correctly.,How much do you agree with the following statements? - Completing this task took me a lot of effort.,How much do you agree with the following statements? - The interface was useful for completing the task.,"How much do you agree with the following statements? - Based on my experience with the interface so far, I trust the interface to understand machine learning models.","How much do you agree with the following statements? - Based on my experience with the interface so far, I would use the interface again to understand machine learning models.",Timing - First Click,Timing - Last Click,Timing - Page Submit,Timing - Click Count,What is the feature importance ranking of the insulin feature for data point id 57?,How much do you agree with the following statements? - I am confident I completed my answer correctly.,How much do you agree with the following statements? - Completing this task took me a lot of effort.,How much do you agree with the following statements? - The interface was useful for completing the task.,"How much do you agree with the following statements? - Based on my experience with the interface so far, I trust the interface to understand machine learning models.","How much do you agree with the following statements? - Based on my experience with the interface so far, I would use the interface again to understand machine learning models.",Timing - First Click,Timing - Last Click,Timing - Page Submit,Timing - Click Count,How many individuals in the dataset are predicted not likely to have diabetes but actually are likely to have it?,How much do you agree with the following statements? - I am confident I completed my answer correctly.,How much do you agree with the following statements? - Completing this task took me a lot of effort.,How much do you agree with the following statements? - The interface was useful for completing the task.,"How much do you agree with the following statements? - Based on my experience with the interface so far, I trust the interface to understand machine learning models.","How much do you agree with the following statements? - Based on my experience with the interface so far, I would use the interface again to understand machine learning models.",Timing - First Click,Timing - Last Click,Timing - Page Submit,Timing - Click Count,What's the likelihood of patient 57 having diabetes if they increased their glucose levels by 100 and bmi by 3?,How much do you agree with the following statements? - I am confident I completed my answer correctly.,How much do you agree with the following statements? - Completing this task took me a lot of effort.,How much do you agree with the following statements? - The interface was useful for completing the task.,"How much do you agree with the following statements? - Based on my experience with the interface so far, I trust the interface to understand machine learning models.","How much do you agree with the following statements? - Based on my experience with the interface so far, I would use the interface again to understand machine learning models.",Timing - First Click,Timing - Last Click,Timing - Page Submit,Timing - Click Count,"How important is the ""diabetes pedigree function"" feature compared to the ""glucose"" feature for the model's prediction on data point 55?",How much do you agree with the following statements? - I am confident I completed my answer correctly.,How much do you agree with the following statements? - Completing this task took me a lot of effort.,How much do you agree with the following statements? - The interface was useful for completing the task.,"How much do you agree with the following statements? - Based on my experience with the interface so far, I trust the interface to understand machine learning models.","How much do you agree with the following statements? - Based on my experience with the interface so far, I would use the interface again to understand machine learning models.",Timing - First Click,Timing - Last Click,Timing - Page Submit,Timing - Click Count,What are the three most important features for the model's predictions on people younger than 23 with glucose levels below seventy-five?,How much do you agree with the following statements? - I am confident I completed my answer correctly.,How much do you agree with the following statements? - Completing this task took me a lot of effort.,How much do you agree with the following statements? - The interface was useful for completing the task.,"How much do you agree with the following statements? - Based on my experience with the interface so far, I trust the interface to understand machine learning models.","How much do you agree with the following statements? - Based on my experience with the interface so far, I would use the interface again to understand machine learning models.",Timing - First Click,Timing - Last Click,Timing - Page Submit,Timing - Click Count,What is the feature importance ranking of the insulin feature for data point id 57?,How much do you agree with the following statements? - I am confident I completed my answer correctly.,How much do you agree with the following statements? - Completing this task took me a lot of effort.,How much do you agree with the following statements? - The interface was useful for completing the task.,"How much do you agree with the following statements? - Based on my experience with the interface so far, I trust the interface to understand machine learning models.","How much do you agree with the following statements? - Based on my experience with the interface so far, I would use the interface again to understand machine learning models.",Timing - First Click,Timing - Last Click,Timing - Page Submit,Timing - Click Count,How many individuals in the dataset are predicted not likely to have diabetes but actually are likey to have it?,How much do you agree with the following statements? - I am confident I completed my answer correctly.,How much do you agree with the following statements? - Completing this task took me a lot of effort.,How much do you agree with the following statements? - The interface was useful for completing the task.,"How much do you agree with the following statements? - Based on my experience with the interface so far, I trust the interface to understand machine learning models.","How much do you agree with the following statements? - Based on my experience with the interface so far, I would use the interface again to understand machine learning models.",Timing - First Click,Timing - Last Click,Timing - Page Submit,Timing - Click Count,What's the likelihood of patient 57 having diabetes if they increased their glucose levels by 100 and bmi by 3?,How much do you agree with the following statements? - I am confident I completed my answer correctly.,How much do you agree with the following statements? - Completing this task took me a lot of effort.,How much do you agree with the following statements? - The interface was useful for completing the task.,"How much do you agree with the following statements? - Based on my experience with the interface so far, I trust the interface to understand machine learning models.","How much do you agree with the following statements? - Based on my experience with the interface so far, I would use the interface again to understand machine learning models.",Timing - First Click,Timing - Last Click,Timing - Page Submit,Timing - Click Count,"How important is the ""diabetes pedigree function"" feature compared to the ""glucose"" feature for the model's prediction on data point 55?",How much do you agree with the following statements? - I am confident I completed my answer correctly.,How much do you agree with the following statements? - Completing this task took me a lot of effort.,How much do you agree with the following statements? - The interface was useful for completing the task.,"How much do you agree with the following statements? - Based on my experience with the interface so far, I trust the interface to understand machine learning models.","How much do you agree with the following statements? - Based on my experience with the interface so far, I would use the interface again to understand machine learning models.",Timing - First Click,Timing - Last Click,Timing - Page Submit,Timing - Click Count,What are the three most important features for the model's predictions on people older than 30 with bmi's above 35?,How much do you agree with the following statements? - I am confident I completed my answer correctly.,How much do you agree with the following statements? - Completing this task took me a lot of effort.,How much do you agree with the following statements? - The interface was useful for completing the task.,"How much do you agree with the following statements? - Based on my experience with the interface so far, I trust the interface to understand machine learning models.","How much do you agree with the following statements? - Based on my experience with the interface so far, I would use the interface again to understand machine learning models.",Timing - First Click,Timing - Last Click,Timing - Page Submit,Timing - Click Count,What is the feature importance ranking of the age feature for data point id 188?,How much do you agree with the following statements? - I am confident I completed my answer correctly.,How much do you agree with the following statements? - Completing this task took me a lot of effort.,How much do you agree with the following statements? - The interface was useful for completing the task.,"How much do you agree with the following statements? - Based on my experience with the interface so far, I trust the interface to understand machine learning models.","How much do you agree with the following statements? - Based on my experience with the interface so far, I would use the interface again to understand machine learning models.",Timing - First Click,Timing - Last Click,Timing - Page Submit,Timing - Click Count,How many individuals in the dataset are predicted to be likely to have diabetes but are not actually likely to have it?,How much do you agree with the following statements? - I am confident I completed my answer correctly.,How much do you agree with the following statements? - Completing this task took me a lot of effort.,How much do you agree with the following statements? - The interface was useful for completing the task.,"How much do you agree with the following statements? - Based on my experience with the interface so far, I trust the interface to understand machine learning models.","How much do you agree with the following statements? - Based on my experience with the interface so far, I would use the interface again to understand machine learning models.",Timing - First Click,Timing - Last Click,Timing - Page Submit,Timing - Click Count,"If patient id 293 were to decrease their bmi by five, what's the prediction probability of the ""likely to have diabetes"" class?",How much do you agree with the following statements? - I am confident I completed my answer correctly.,How much do you agree with the following statements? - Completing this task took me a lot of effort.,How much do you agree with the following statements? - The interface was useful for completing the task.,"How much do you agree with the following statements? - Based on my experience with the interface so far, I trust the interface to understand machine learning models.","How much do you agree with the following statements? - Based on my experience with the interface so far, I would use the interface again to understand machine learning models.",Timing - First Click,Timing - Last Click,Timing - Page Submit,Timing - Click Count,"Is the ""glucose"" feature more important than the ""age"" feature for the model's prediction on data point 49?",How much do you agree with the following statements? - I am confident I completed my answer correctly.,How much do you agree with the following statements? - Completing this task took me a lot of effort.,How much do you agree with the following statements? - The interface was useful for completing the task.,"How much do you agree with the following statements? - Based on my experience with the interface so far, I trust the interface to understand machine learning models.","How much do you agree with the following statements? - Based on my experience with the interface so far, I would use the interface again to understand machine learning models.",Timing - First Click,Timing - Last Click,Timing - Page Submit,Timing - Click Count,How much do you agree with the following statements? - I found the conversational interface easier to use than the dashboard interface.,How much do you agree with the following statements? - I was more confident in my answers using the conversational interface than the dashboard interface.,How much do you agree with the following statements? - I felt that I was able to more rapidly arrive at an answer using the conversational inferface than the dashboard interface.,"How much do you agree with the following statements? - Based on my experience so far with both interfaces, I would be more likely to use the conversational interface than the dashboard interface in the future.",How much do you agree with the following statements? - I found the dashboard interface easier to use than the conversational interface.,How much do you agree with the following statements? - I was more confident in my answers using the dashboard interface than the conversational interface.,How much do you agree with the following statements? - I felt that I was able to more rapidly arrive at an answer using the dashboard inferface than the conversational interface.,"How much do you agree with the following statements? - Based on my experience so far with both interfaces, I would be more likely to use the dashboard interface than the conversational interface in the future."
"{""ImportId"":""finished""}","{""ImportId"":""QID169""}","{""ImportId"":""QID170""}","{""ImportId"":""QID135_FIRST_CLICK""}","{""ImportId"":""QID135_LAST_CLICK""}","{""ImportId"":""QID135_PAGE_SUBMIT""}","{""ImportId"":""QID135_CLICK_COUNT""}","{""ImportId"":""QID7""}","{""ImportId"":""QID9_1""}","{""ImportId"":""QID9_2""}","{""ImportId"":""QID9_3""}","{""ImportId"":""QID9_4""}","{""ImportId"":""QID9_5""}","{""ImportId"":""QID27_FIRST_CLICK""}","{""ImportId"":""QID27_LAST_CLICK""}","{""ImportId"":""QID27_PAGE_SUBMIT""}","{""ImportId"":""QID27_CLICK_COUNT""}","{""ImportId"":""QID20""}","{""ImportId"":""QID21_1""}","{""ImportId"":""QID21_2""}","{""ImportId"":""QID21_3""}","{""ImportId"":""QID21_4""}","{""ImportId"":""QID21_5""}","{""ImportId"":""QID29_FIRST_CLICK""}","{""ImportId"":""QID29_LAST_CLICK""}","{""ImportId"":""QID29_PAGE_SUBMIT""}","{""ImportId"":""QID29_CLICK_COUNT""}","{""ImportId"":""QID32""}","{""ImportId"":""QID33_1""}","{""ImportId"":""QID33_2""}","{""ImportId"":""QID33_3""}","{""ImportId"":""QID33_4""}","{""ImportId"":""QID33_5""}","{""ImportId"":""QID34_FIRST_CLICK""}","{""ImportId"":""QID34_LAST_CLICK""}","{""ImportId"":""QID34_PAGE_SUBMIT""}","{""ImportId"":""QID34_CLICK_COUNT""}","{""ImportId"":""QID37""}","{""ImportId"":""QID38_1""}","{""ImportId"":""QID38_2""}","{""ImportId"":""QID38_3""}","{""ImportId"":""QID38_4""}","{""ImportId"":""QID38_5""}","{""ImportId"":""QID39_FIRST_CLICK""}","{""ImportId"":""QID39_LAST_CLICK""}","{""ImportId"":""QID39_PAGE_SUBMIT""}","{""ImportId"":""QID39_CLICK_COUNT""}","{""ImportId"":""QID42""}","{""ImportId"":""QID43_1""}","{""ImportId"":""QID43_2""}","{""ImportId"":""QID43_3""}","{""ImportId"":""QID43_4""}","{""ImportId"":""QID43_5""}","{""ImportId"":""QID44_FIRST_CLICK""}","{""ImportId"":""QID44_LAST_CLICK""}","{""ImportId"":""QID44_PAGE_SUBMIT""}","{""ImportId"":""QID44_CLICK_COUNT""}","{""ImportId"":""QID134_FIRST_CLICK""}","{""ImportId"":""QID134_LAST_CLICK""}","{""ImportId"":""QID134_PAGE_SUBMIT""}","{""ImportId"":""QID134_CLICK_COUNT""}","{""ImportId"":""QID92""}","{""ImportId"":""QID96_1""}","{""ImportId"":""QID96_2""}","{""ImportId"":""QID96_3""}","{""ImportId"":""QID96_4""}","{""ImportId"":""QID96_5""}","{""ImportId"":""QID144_FIRST_CLICK""}","{""ImportId"":""QID144_LAST_CLICK""}","{""ImportId"":""QID144_PAGE_SUBMIT""}","{""ImportId"":""QID144_CLICK_COUNT""}","{""ImportId"":""QID101""}","{""ImportId"":""QID100_1""}","{""ImportId"":""QID100_2""}","{""ImportId"":""QID100_3""}","{""ImportId"":""QID100_4""}","{""ImportId"":""QID100_5""}","{""ImportId"":""QID146_FIRST_CLICK""}","{""ImportId"":""QID146_LAST_CLICK""}","{""ImportId"":""QID146_PAGE_SUBMIT""}","{""ImportId"":""QID146_CLICK_COUNT""}","{""ImportId"":""QID106""}","{""ImportId"":""QID105_1""}","{""ImportId"":""QID105_2""}","{""ImportId"":""QID105_3""}","{""ImportId"":""QID105_4""}","{""ImportId"":""QID105_5""}","{""ImportId"":""QID148_FIRST_CLICK""}","{""ImportId"":""QID148_LAST_CLICK""}","{""ImportId"":""QID148_PAGE_SUBMIT""}","{""ImportId"":""QID148_CLICK_COUNT""}","{""ImportId"":""QID111""}","{""ImportId"":""QID110_1""}","{""ImportId"":""QID110_2""}","{""ImportId"":""QID110_3""}","{""ImportId"":""QID110_4""}","{""ImportId"":""QID110_5""}","{""ImportId"":""QID150_FIRST_CLICK""}","{""ImportId"":""QID150_LAST_CLICK""}","{""ImportId"":""QID150_PAGE_SUBMIT""}","{""ImportId"":""QID150_CLICK_COUNT""}","{""ImportId"":""QID116""}","{""ImportId"":""QID115_1""}","{""ImportId"":""QID115_2""}","{""ImportId"":""QID115_3""}","{""ImportId"":""QID115_4""}","{""ImportId"":""QID115_5""}","{""ImportId"":""QID152_FIRST_CLICK""}","{""ImportId"":""QID152_LAST_CLICK""}","{""ImportId"":""QID152_PAGE_SUBMIT""}","{""ImportId"":""QID152_CLICK_COUNT""}","{""ImportId"":""QID71""}","{""ImportId"":""QID48_1""}","{""ImportId"":""QID48_2""}","{""ImportId"":""QID48_3""}","{""ImportId"":""QID48_4""}","{""ImportId"":""QID48_5""}","{""ImportId"":""QID49_FIRST_CLICK""}","{""ImportId"":""QID49_LAST_CLICK""}","{""ImportId"":""QID49_PAGE_SUBMIT""}","{""ImportId"":""QID49_CLICK_COUNT""}","{""ImportId"":""QID52""}","{""ImportId"":""QID53_1""}","{""ImportId"":""QID53_2""}","{""ImportId"":""QID53_3""}","{""ImportId"":""QID53_4""}","{""ImportId"":""QID53_5""}","{""ImportId"":""QID54_FIRST_CLICK""}","{""ImportId"":""QID54_LAST_CLICK""}","{""ImportId"":""QID54_PAGE_SUBMIT""}","{""ImportId"":""QID54_CLICK_COUNT""}","{""ImportId"":""QID73""}","{""ImportId"":""QID58_1""}","{""ImportId"":""QID58_2""}","{""ImportId"":""QID58_3""}","{""ImportId"":""QID58_4""}","{""ImportId"":""QID58_5""}","{""ImportId"":""QID59_FIRST_CLICK""}","{""ImportId"":""QID59_LAST_CLICK""}","{""ImportId"":""QID59_PAGE_SUBMIT""}","{""ImportId"":""QID59_CLICK_COUNT""}","{""ImportId"":""QID74""}","{""ImportId"":""QID63_1""}","{""ImportId"":""QID63_2""}","{""ImportId"":""QID63_3""}","{""ImportId"":""QID63_4""}","{""ImportId"":""QID63_5""}","{""ImportId"":""QID64_FIRST_CLICK""}","{""ImportId"":""QID64_LAST_CLICK""}","{""ImportId"":""QID64_PAGE_SUBMIT""}","{""ImportId"":""QID64_CLICK_COUNT""}","{""ImportId"":""QID67""}","{""ImportId"":""QID68_1""}","{""ImportId"":""QID68_2""}","{""ImportId"":""QID68_3""}","{""ImportId"":""QID68_4""}","{""ImportId"":""QID68_5""}","{""ImportId"":""QID69_FIRST_CLICK""}","{""ImportId"":""QID69_LAST_CLICK""}","{""ImportId"":""QID69_PAGE_SUBMIT""}","{""ImportId"":""QID69_CLICK_COUNT""}","{""ImportId"":""QID75""}","{""ImportId"":""QID15_1""}","{""ImportId"":""QID15_2""}","{""ImportId"":""QID15_3""}","{""ImportId"":""QID15_4""}","{""ImportId"":""QID15_5""}","{""ImportId"":""QID159_FIRST_CLICK""}","{""ImportId"":""QID159_LAST_CLICK""}","{""ImportId"":""QID159_PAGE_SUBMIT""}","{""ImportId"":""QID159_CLICK_COUNT""}","{""ImportId"":""QID76""}","{""ImportId"":""QID25_1""}","{""ImportId"":""QID25_2""}","{""ImportId"":""QID25_3""}","{""ImportId"":""QID25_4""}","{""ImportId"":""QID25_5""}","{""ImportId"":""QID160_FIRST_CLICK""}","{""ImportId"":""QID160_LAST_CLICK""}","{""ImportId"":""QID160_PAGE_SUBMIT""}","{""ImportId"":""QID160_CLICK_COUNT""}","{""ImportId"":""QID81""}","{""ImportId"":""QID80_1""}","{""ImportId"":""QID80_2""}","{""ImportId"":""QID80_3""}","{""ImportId"":""QID80_4""}","{""ImportId"":""QID80_5""}","{""ImportId"":""QID162_FIRST_CLICK""}","{""ImportId"":""QID162_LAST_CLICK""}","{""ImportId"":""QID162_PAGE_SUBMIT""}","{""ImportId"":""QID162_CLICK_COUNT""}","{""ImportId"":""QID86""}","{""ImportId"":""QID85_1""}","{""ImportId"":""QID85_2""}","{""ImportId"":""QID85_3""}","{""ImportId"":""QID85_4""}","{""ImportId"":""QID85_5""}","{""ImportId"":""QID165_FIRST_CLICK""}","{""ImportId"":""QID165_LAST_CLICK""}","{""ImportId"":""QID165_PAGE_SUBMIT""}","{""ImportId"":""QID165_CLICK_COUNT""}","{""ImportId"":""QID91""}","{""ImportId"":""QID90_1""}","{""ImportId"":""QID90_2""}","{""ImportId"":""QID90_3""}","{""ImportId"":""QID90_4""}","{""ImportId"":""QID90_5""}","{""ImportId"":""QID168_FIRST_CLICK""}","{""ImportId"":""QID168_LAST_CLICK""}","{""ImportId"":""QID168_PAGE_SUBMIT""}","{""ImportId"":""QID168_CLICK_COUNT""}","{""ImportId"":""QID120_1""}","{""ImportId"":""QID120_2""}","{""ImportId"":""QID120_3""}","{""ImportId"":""QID120_4""}","{""ImportId"":""QID122_1""}","{""ImportId"":""QID122_2""}","{""ImportId"":""QID122_3""}","{""ImportId"":""QID122_4""}"
TRUE,Read a few articles online,Read a few articles online,0,0,86.873,0,"glucose, bmi, and diabetespedigreefunction",6,0,5,5,5,4.015,28.529,30.154,14,3rd,6,0,5,5,5,5.775,30.219,31.72,11,34,5,0,5,4,4,17.363,75.696,77.391,17,~25%,6,0,5,4,5,7.525,38.233,40.996,14,Yes,6,0,5,5,5,4.695,38.574,40.049,11,6.222,6.222,34.372,1,"glucose, age, and bmi",5,1,4,3,3,9.954,20.992,22.716,9,7th,6,0,5,5,5,13.422,23.721,25.206,9,Could not determine,0,4,1,1,1,22.692,33.259,34.856,8,Could not determine,0,5,1,1,1,15.224,51.831,54.275,13,"""Glucose"" is a more important feature than ""diabetes pedigree function""",6,1,5,5,5,12.778,24.022,25.635,10,,,,,,,,,,,,,,,,,,,,,,,,,,,,,,,,,,,,,,,,,,,,,,,,,,,,,,,,,,,,,,,,,,,,,,,,,,,,,,,,,,,,,,,,,,,,,,,,,,,,,,,,,2,2,1,1
TRUE,Read a few articles online,Read a few articles online,31.167,76.899,95.383,8,"glucose, bmi, and diabetespedigreefunction",6,1,6,5,5,3.21,34.506,37.283,14,3rd,6,1,6,5,5,3.478,42.761,46.265,19,34,6,2,5,5,5,273.923,293.532,296.901,8,~25%,6,1,6,5,5,5.5,43.122,46.058,10,Yes,5,3,5,3,4,243.535,263.76,265.183,8,6.977,22.502,75.765,2,"insulin, age, glucose",3,3,6,5,5,26.521,136.039,138.2,11,7th,6,4,6,5,5,191.76,202.421,205.144,7,48,6,2,6,5,5,45.353,56.057,58.697,7,~98%,6,2,6,5,5,52.627,122.063,124.794,9,"""Glucose"" is a more important feature than ""diabetes pedigree function""",6,2,6,5,5,87.576,96.207,99.212,7,,,,,,,,,,,,,,,,,,,,,,,,,,,,,,,,,,,,,,,,,,,,,,,,,,,,,,,,,,,,,,,,,,,,,,,,,,,,,,,,,,,,,,,,,,,,,,,,,,,,,4,4,4,2,,,,
TRUE,Read a few articles online,No experience,11.566,94.001,139.243,10,,,,,,,,,,,,,,,,,,,,,,,,,,,,,,,,,,,,,,,,,,,,,,,,,,,18.308,52.344,195.346,3,,,,,,,,,,,,,,,,,,,,,,,,,,,,,,,,,,,,,,,,,,,,,,,,,,,"glucose, age, and bmi",6,0,6,6,6,96.671,113.2,115.1,8,8th,6,0,6,5,6,47.451,80.91,82.464,18,48,6,0,6,5,5,68.781,85.195,87.716,16,~98%,6,0,6,6,6,55.182,65.719,67.173,10,"""Glucose"" is a more important feature than ""diabetes pedigree function""",6,1,5,6,6,102.036,112.276,113.933,6,Could not determine,0,5,2,3,2,151.57,189.259,191.829,13,4th,5,2,5,3,2,40.152,59.552,61.601,18,34,5,4,5,4,4,72.26,98.443,100.145,23,Could not determine,0,6,2,3,3,101.634,205.775,207.055,16,Yes,2,4,4,4,3,20.955,134.946,136.977,16,,,,,0,1,0,0
TRUE,Undergraduate machine learning course or equivilent,Undergraduate machine learning course or equivilent,0,0,185.195,0,,,,,,,,,,,,,,,,,,,,,,,,,,,,,,,,,,,,,,,,,,,,,,,,,,,0,0,280.888,0,,,,,,,,,,,,,,,,,,,,,,,,,,,,,,,,,,,,,,,,,,,,,,,,,,,"glucose, age, and bmi",5,1,5,6,6,97.755,142.892,146.505,7,8th,5,1,6,6,6,63.281,78.092,79.328,6,48,5,6,0,6,6,235.142,251.822,279.503,9,~98%,5,0,6,6,6,63.987,87.015,88.332,9,"""Glucose"" is a more important feature than ""diabetes pedigree function""",5,0,6,6,6,81.814,93.786,95.433,8,Could not determine,0,6,0,1,1,101.868,117.559,119.248,6,Could not determine,0,6,1,2,1,351.517,369.448,371.825,6,Could not determine,0,6,0,1,1,5.706,17.246,18.551,6,Could not determine,0,6,0,2,2,4.522,18.109,19.669,6,Could not determine,0,6,0,1,2,4.101,17.217,18.623,7,,,,,0,0,0,0
TRUE,Read a few articles online,No experience,140.49,140.49,177.076,1,"glucose, bmi, and diabetespedigreefunction",4,4,5,5,5,3.809,72.345,106.935,9,3rd,6,2,5,5,5,8.946,47.869,49.779,10,34,6,2,5,5,5,105.545,188.235,193.171,10,~25%,6,2,5,5,5,4.919,55.914,58.022,7,Yes,6,2,5,5,5,12.746,89.64,91.219,7,20.731,137.615,145.569,2,Could not determine the answer,1,6,1,1,1,143.272,169.84,172.004,6,7th,2,6,3,1,1,363.694,386.689,388.841,7,48,4,4,4,3,3,62.795,76.985,79.392,9,~98%,4,5,4,3,3,82.136,108.504,110.401,8,"""Glucose"" is a more important feature than ""diabetes pedigree function""",3,5,4,2,2,108.971,125.929,127.629,6,,,,,,,,,,,,,,,,,,,,,,,,,,,,,,,,,,,,,,,,,,,,,,,,,,,,,,,,,,,,,,,,,,,,,,,,,,,,,,,,,,,,,,,,,,,,,,,,,,,,,6,6,6,5,,,,
TRUE,Machine learning professional or have published research articles on machine learning,Undergraduate machine learning course or equivilent,16.277,16.277,114.048,1,,,,,,,,,,,,,,,,,,,,,,,,,,,,,,,,,,,,,,,,,,,,,,,,,,,101.748,110.846,171.222,2,,,,,,,,,,,,,,,,,,,,,,,,,,,,,,,,,,,,,,,,,,,,,,,,,,,"glucose, age, and bmi",5,0,6,3,4,1.631,25.647,26.395,14,8th,5,0,6,3,4,7.099,45.095,48.088,12,48,5,0,6,3,4,38.636,115.403,125.233,15,~98%,5,0,6,3,4,1.83,63.757,108.741,12,"""Glucose"" is a more important feature than ""diabetes pedigree function""",5,0,6,3,4,5.387,61.552,66.201,12,Could not determine,0,4,1,3,4,5.548,518.59,519.767,18,4th,4,2,4,3,4,5.596,167.252,181.338,15,34,5,1,5,3,4,3.643,40.912,42.802,15,~75%,0,2,4,3,4,166.886,292.635,306.043,10,Yes,5,1,5,3,4,57.209,192.633,195.801,10,,,,,1,3,0,2
TRUE,Machine learning professional or have published research articles on machine learning,Explainable machine learning professional or have published research articles on explainable machine learning,0,0,154.51,0,"glucose, bmi, and diabetespedigreefunction",5,1,5,5,5,4.175,31.246,41.443,16,3rd,5,1,5,5,5,2.542,23.525,25.004,14,34,5,1,5,5,5,18.674,132.223,134.843,23,~25%,5,1,5,5,5,23.827,66.918,67.748,23,Yes,5,1,5,5,5,30.145,67.924,75.207,24,0,0,90.382,0,Could not determine the answer,2,4,1,4,4,40.5,67.672,77.594,29,6th,4,3,4,4,4,24.341,287.852,289.936,78,34,4,3,3,3,3,4.82,86.574,86.935,16,~98%,4,2,4,4,4,26.121,120.705,121.737,15,"""Glucose"" is a more important feature than ""diabetes pedigree function""",4,2,4,4,4,28.351,53.65,55.144,14,,,,,,,,,,,,,,,,,,,,,,,,,,,,,,,,,,,,,,,,,,,,,,,,,,,,,,,,,,,,,,,,,,,,,,,,,,,,,,,,,,,,,,,,,,,,,,,,,,,,,5,4,6,4,,,,
TRUE,Graduate level machine learning course or equivilent,Graduate level machine learning course or equivilent,104.917,104.917,268.028,1,,,,,,,,,,,,,,,,,,,,,,,,,,,,,,,,,,,,,,,,,,,,,,,,,,,155.154,158.713,596.684,2,,,,,,,,,,,,,,,,,,,,,,,,,,,,,,,,,,,,,,,,,,,,,,,,,,,"glucose, age, and bmi",2,0,4,0,0,3.589,38.949,40.831,10,8th,2,0,5,0,0,6.02,32.724,34.189,8,48,2,0,4,0,0,3.912,39.311,41.423,9,~98%,2,0,4,0,1,2.372,67.825,69.683,11,"""Glucose"" is a more important feature than ""diabetes pedigree function""",2,1,4,0,1,14.277,121.841,123.885,9,Could not determine,6,5,1,2,4,11.54,147.271,155.473,11,2nd,1,4,2,2,4,38.047,215.762,257,18,34,6,1,5,2,4,43.606,246.129,248.531,12,~26%,6,2,4,2,4,4.779,68.607,69.539,7,No,4,2,4,2,4,29.09,69.379,71.055,12,,,,,0,4,0,6
TRUE,Machine learning professional or have published research articles on machine learning,Explainable machine learning professional or have published research articles on explainable machine learning,0,0,810.535,0,"glucose, bmi, and diabetespedigreefunction",5,0,5,5,5,5.859,374.176,435.635,21,3rd,6,0,6,6,6,22.682,62.814,71.104,12,34,6,1,3,2,4,99.387,132.703,154.353,9,~25%,6,0,6,4,5,14.853,175.175,176.274,16,Could not determine,2,4,4,2,2,141.104,358.373,366.394,13,73.481,73.481,77.326,1,Could not determine the answer,0,3,1,3,3,208.256,285.763,290.736,8,6th,4,1,4,3,3,96.651,178.487,185.75,15,48,6,0,5,3,3,9.109,102.972,105.333,11,~98%,5,1,5,3,4,86.376,159.74,162.171,9,"""Glucose"" is a more important feature than ""diabetes pedigree function""",6,0,5,3,3,85.867,102.895,105.103,9,,,,,,,,,,,,,,,,,,,,,,,,,,,,,,,,,,,,,,,,,,,,,,,,,,,,,,,,,,,,,,,,,,,,,,,,,,,,,,,,,,,,,,,,,,,,,,,,,,,,,5,4,6,1,,,,
TRUE,Read a few articles online,Read a few articles online,6.082,28.524,37.676,11,Could not determine,1,5,1,3,3,12.524,95.743,97.068,26,Could not determine,0,6,0,0,0,2.823,102.702,103.315,32,34,5,4,4,4,4,7.712,114.604,115.467,33,Could not determine,6,0,0,0,0,12.133,144.487,145.565,63,Yes,6,2,6,5,5,3.891,116.427,117.111,28,20.615,35.02,35.845,7,"glucose, bmi, and diabetespedigreefunction",4,4,3,3,3,15.1,23.004,24.138,10,2nd,4,5,3,3,3,18.214,27.114,27.982,14,Could not determine,1,4,2,2,3,5.587,95.819,96.666,24,~98%,5,6,4,3,3,3.31,210.425,211.343,51,"""Glucose"" is a more important feature than ""diabetes pedigree function""",5,2,5,3,3,55.043,87.058,87.896,16,,,,,,,,,,,,,,,,,,,,,,,,,,,,,,,,,,,,,,,,,,,,,,,,,,,,,,,,,,,,,,,,,,,,,,,,,,,,,,,,,,,,,,,,,,,,,,,,,,,,,,,,,5,6,6,5
TRUE,No experience,No experience,0,0,100.717,0,,,,,,,,,,,,,,,,,,,,,,,,,,,,,,,,,,,,,,,,,,,,,,,,,,,0,0,90.147,0,,,,,,,,,,,,,,,,,,,,,,,,,,,,,,,,,,,,,,,,,,,,,,,,,,,"glucose, bmi, and diabetespedigreefunction",0,1,2,2,2,21.417,118.543,167.442,12,8th,2,2,6,4,5,51.684,141.138,147.801,10,48,6,0,6,5,4,10.935,83.965,86.67,12,~98%,6,0,6,5,4,11.281,48.675,51.963,9,"""Glucose"" is a more important feature than ""diabetes pedigree function""",6,0,6,5,4,13.439,61.467,65.532,9,Could not determine,0,6,1,3,3,136.771,154.091,157.831,7,1st,1,4,4,4,4,139.619,153.086,155.613,8,Could not determine,0,6,0,4,4,69.923,90.416,94.612,10,~75%,2,2,4,4,3,83.134,111.298,114.45,8,Yes,2,2,4,3,3,57.601,68.927,72.319,7,6,6,6,6,,,,
TRUE,No experience,No experience,10.035,69.31,71.51,3,,,,,,,,,,,,,,,,,,,,,,,,,,,,,,,,,,,,,,,,,,,,,,,,,,,23.155,35.004,36.053,3,,,,,,,,,,,,,,,,,,,,,,,,,,,,,,,,,,,,,,,,,,,,,,,,,,,"glucose, age, and bmi",5,4,5,4,2,12.459,75.593,81.474,17,Could not determine,4,2,3,5,2,9.421,62.302,63.296,15,Could not determine,5,5,2,2,3,5.953,116.953,123.21,14,~98%,5,4,4,2,2,53.942,116.899,121.771,15,"""Glucose"" is a more important feature than ""diabetes pedigree function""",4,2,4,3,2,16.88,98.889,106.011,19,Could not determine,5,4,2,4,2,6.861,36.719,58.516,15,Could not determine,3,2,4,2,4,6.722,30.286,31.039,12,45,4,4,3,2,2,11.965,43.034,44.928,15,~26%,4,4,3,2,4,9.216,39.351,39.82,14,Could not determine,4,5,2,2,4,242.964,268.995,271.786,11,,,,,0,2,2,3
TRUE,No experience,No experience,26.897,222.437,223.845,15,,,,,,,,,,,,,,,,,,,,,,,,,,,,,,,,,,,,,,,,,,,,,,,,,,,57.089,109.497,343.323,15,,,,,,,,,,,,,,,,,,,,,,,,,,,,,,,,,,,,,,,,,,,,,,,,,,,"glucose, bmi, and diabetespedigreefunction",6,2,6,5,5,3.934,134.299,137.611,40,Could not determine,1,4,2,2,2,5.144,199.617,200.798,29,Could not determine,3,4,2,2,2,14.295,126.653,127.975,43,Could not determine,2,4,2,2,2,5.537,118.74,121.343,27,Could not determine,2,4,1,1,1,5.165,128.818,130.002,27,Could not determine,2,4,2,2,2,5.09,165.532,167.569,31,2nd,5,2,5,3,3,9.818,84.462,87.962,27,Could not determine,4,5,4,3,3,39.648,164.974,168.458,25,Could not determine,2,4,2,1,2,5.83,133.143,137.154,37,Yes,3,4,4,3,3,41.498,117.744,121.093,27,4,3,3,4,,,,
TRUE,Read a few articles online,Read a few articles online,92.43,142.526,143.195,3,"glucose, bmi, and diabetespedigreefunction",6,0,6,6,6,5.552,66.105,68.232,15,3rd,6,0,6,6,6,11.026,64.52,66.091,11,34,6,0,6,5,6,8.679,166.82,292.895,11,~25%,6,0,6,6,6,4.527,70.11,70.936,11,Yes,6,1,6,6,6,12.416,143.431,145.427,16,0,0,113.683,0,"glucose, age, and bmi",4,4,5,5,5,121.841,159.223,161.253,8,7th,6,4,5,5,5,143.379,257.377,260.231,10,48,6,5,5,5,5,339.39,374.176,376.22,6,~100%,6,1,4,4,6,178.892,270.76,394.535,11,"""Glucose"" is a more important feature than ""diabetes pedigree function""",6,2,5,5,5,107.255,125.611,126.954,7,,,,,,,,,,,,,,,,,,,,,,,,,,,,,,,,,,,,,,,,,,,,,,,,,,,,,,,,,,,,,,,,,,,,,,,,,,,,,,,,,,,,,,,,,,,,,,,,,,,,,,,,,0,0,0,0
TRUE,Read a few articles online,Read a few articles online,7.252,99.831,100.698,7,"glucose, bmi, and diabetespedigreefunction",6,1,6,6,5,13.347,69.865,71.001,24,3rd,3,3,3,3,3,3.628,118.959,119.608,25,34,5,0,6,6,3,12.567,62.075,62.698,20,~5%,2,4,2,2,2,22.985,199.9,200.869,17,Both features are equally important,2,4,6,4,3,24.068,138.014,138.835,25,4.049,378.99,379.726,9,"insulin, age, glucose",4,4,4,5,4,6.333,88.159,91.68,15,Could not determine,5,6,2,3,4,10.222,311.155,312.159,45,Could not determine,3,2,4,5,6,8.459,184.114,186.186,22,~9%,4,4,5,4,5,7.395,61.896,62.564,15,"""Glucose"" is a more important feature than ""diabetes pedigree function""",4,6,1,2,1,9.758,93.707,94.748,14,,,,,,,,,,,,,,,,,,,,,,,,,,,,,,,,,,,,,,,,,,,,,,,,,,,,,,,,,,,,,,,,,,,,,,,,,,,,,,,,,,,,,,,,,,,,,,,,,,,,,6,6,2,6,,,,
TRUE,Read a few articles online,Read a few articles online,7.228,11.143,11.685,5,,,,,,,,,,,,,,,,,,,,,,,,,,,,,,,,,,,,,,,,,,,,,,,,,,,0,0,14.721,0,,,,,,,,,,,,,,,,,,,,,,,,,,,,,,,,,,,,,,,,,,,,,,,,,,,"glucose, bmi, and diabetespedigreefunction",5,5,4,1,4,4.774,27.537,28.987,18,8th,5,3,4,3,5,1.045,19.526,20.214,21,Could not determine,5,5,2,5,1,2.787,7.838,8.482,13,Could not determine,5,4,5,1,4,6.818,15.205,15.935,18,Could not determine,5,4,6,5,5,2.078,8.598,9.52,13,"glucose, age, and diabetespedigreefunction",5,2,4,6,5,2.089,12.769,13.472,20,4th,5,4,4,4,5,11.269,21.001,21.767,17,45,5,6,2,4,5,1.052,69.548,70.075,18,Could not determine,5,6,2,5,4,4.997,12.446,13.248,17,Could not determine,5,5,4,6,4,3.76,10.805,11.432,18,6,4,5,2,,,,
TRUE,No experience,No experience,0,0,23.843,0,"glucose, bmi, and diabetespedigreefunction",5,2,4,2,2,10.683,42.647,44.661,13,Could not determine,3,5,2,2,2,0.747,23.266,25.399,13,87,4,6,4,3,3,35.918,121.548,123.96,15,~75%,4,5,4,4,3,12.691,36.021,37.809,12,Could not determine,5,4,2,1,1,9.452,40.238,42.1,11,0,0,104.562,0,Could not determine the answer,5,6,1,2,2,103.571,127.648,129.569,14,7th,4,5,4,4,2,22.088,56.389,58.929,13,Could not determine,5,6,1,0,0,33.42,146.35,148.432,11,~98%,4,5,4,3,2,15.9,47.309,50.816,15,"""Glucose"" is a more important feature than ""diabetes pedigree function""",5,1,5,4,4,16.142,55.127,57.2,14,,,,,,,,,,,,,,,,,,,,,,,,,,,,,,,,,,,,,,,,,,,,,,,,,,,,,,,,,,,,,,,,,,,,,,,,,,,,,,,,,,,,,,,,,,,,,,,,,,,,,,,,,5,5,2,6
TRUE,No experience,No experience,0,0,178.207,0,,,,,,,,,,,,,,,,,,,,,,,,,,,,,,,,,,,,,,,,,,,,,,,,,,,0,0,92.631,0,,,,,,,,,,,,,,,,,,,,,,,,,,,,,,,,,,,,,,,,,,,,,,,,,,,"glucose, age, and bmi",6,0,6,4,4,20.695,89.306,96.952,11,8th,5,0,5,5,4,8.278,80.692,82.698,8,48,6,0,6,5,4,5.47,66.006,69.514,16,~98%,5,0,6,5,5,4.013,88.402,90.271,16,"""Glucose"" is a more important feature than ""diabetes pedigree function""",6,0,6,5,4,3.742,94.429,96.193,12,Could not determine,4,6,2,4,2,341.106,366.724,433.331,7,3rd,4,4,5,4,3,62.556,88.036,91.568,7,34,5,2,5,4,3,57.5,100.609,102.344,8,~26%,4,5,5,5,3,188.937,219.712,221.538,7,Yes,2,6,3,4,2,303.047,348.237,348.856,10,,,,,1,0,0,1
TRUE,Read a few articles online,Read a few articles online,0,0,122.157,0,"glucose, bmi, and diabetespedigreefunction",2,2,4,4,4,12.737,75.701,88.615,9,3rd,4,2,4,4,4,6.038,40.8,43.64,12,34,2,4,2,4,4,5.072,67.883,69.886,14,~25%,4,4,6,3,4,42.344,126.353,128.646,13,Yes,2,4,4,4,4,6.941,94.627,96.011,10,0,0,73.909,0,Could not determine the answer,0,6,0,0,0,53.165,68.195,69.842,6,7th,4,5,2,2,2,67.793,85.242,86.875,7,Could not determine,0,6,1,1,1,31.682,49.701,51.419,9,Could not determine,0,6,4,2,1,196.492,215.927,217.985,6,"""Glucose"" is a more important feature than ""diabetes pedigree function""",1,5,1,1,1,43.919,79.626,81.514,11,,,,,,,,,,,,,,,,,,,,,,,,,,,,,,,,,,,,,,,,,,,,,,,,,,,,,,,,,,,,,,,,,,,,,,,,,,,,,,,,,,,,,,,,,,,,,,,,,,,,,6,5,6,6,,,,
TRUE,Read a few articles online,Read a few articles online,11.328,63.707,88.414,2,,,,,,,,,,,,,,,,,,,,,,,,,,,,,,,,,,,,,,,,,,,,,,,,,,,47.393,112.717,114.308,3,,,,,,,,,,,,,,,,,,,,,,,,,,,,,,,,,,,,,,,,,,,,,,,,,,,"glucose, age, and bmi",5,3,4,4,4,10.037,34.166,36.041,11,8th,4,3,2,4,4,11.361,48.966,50.494,7,Could not determine,2,3,3,3,2,11.477,95.032,96.381,10,~98%,5,5,5,4,4,132.774,151.787,153.149,7,"""Glucose"" is a more important feature than ""diabetes pedigree function""",4,2,3,3,4,8.537,47.875,49.738,12,"glucose, bmi, and diabetespedigreefunction",3,5,2,2,2,19.883,337.887,357.8,24,4th,3,2,3,3,2,14.078,70.491,72.226,15,Could not determine,1,5,2,2,1,18.948,136.538,146.415,20,~26%,4,4,4,3,3,14.01,259.341,261.43,20,Yes,4,3,4,3,2,59.444,77.128,82.194,10,6,6,6,6,,,,
TRUE,Read a few articles online,No experience,30.342,104.719,105.723,6,,,,,,,,,,,,,,,,,,,,,,,,,,,,,,,,,,,,,,,,,,,,,,,,,,,18.608,74.128,75.313,4,,,,,,,,,,,,,,,,,,,,,,,,,,,,,,,,,,,,,,,,,,,,,,,,,,,"glucose, age, and bmi",6,0,6,6,6,41.796,57.301,59.263,12,8th,6,1,6,5,6,23.015,36.46,37.563,12,48,6,0,6,6,6,4.038,56.952,57.944,13,~98%,6,1,6,6,6,2.892,60.39,62.217,11,"""Glucose"" is a more important feature than ""diabetes pedigree function""",6,5,6,6,6,32.071,238.414,239.901,41,"glucose, bmi, and diabetespedigreefunction",4,5,6,4,5,5.261,175.694,176.758,18,4th,5,2,5,5,5,96.444,116.358,117.42,13,Could not determine,1,6,2,2,2,33.678,148.619,151.998,14,~26%,5,4,6,6,6,9.898,176.125,177.128,17,Yes,5,4,5,2,5,38.036,182.681,183.765,26,,,,,1,0,0,0
TRUE,No experience,No experience,67.816,141.3,160.213,10,,,,,,,,,,,,,,,,,,,,,,,,,,,,,,,,,,,,,,,,,,,,,,,,,,,0,0,249.921,0,,,,,,,,,,,,,,,,,,,,,,,,,,,,,,,,,,,,,,,,,,,,,,,,,,,"glucose, age, and bmi",5,1,5,5,5,13.42,64.485,66.489,10,8th,5,2,5,5,5,14.683,104.775,108.323,16,48,5,1,5,5,5,9.782,52.806,54.927,11,~98%,5,1,5,5,5,6.09,66.132,68.397,14,"""Glucose"" is a more important feature than ""diabetes pedigree function""",5,1,5,5,5,7.872,102.871,107.305,8,"glucose, bmi, and diabetespedigreefunction",3,5,3,4,4,192.385,408.235,410.491,7,3rd,5,5,5,5,5,202.306,249.919,252.306,8,45,2,5,4,4,4,287.701,311.292,314.314,10,~75%,4,5,5,3,3,613.369,636.788,642.591,9,Yes,4,5,4,4,3,207.819,257.616,260.338,9,,,,,1,1,1,1
TRUE,Undergraduate machine learning course or equivilent,Read a few articles online,12.111,45.354,46.789,3,,,,,,,,,,,,,,,,,,,,,,,,,,,,,,,,,,,,,,,,,,,,,,,,,,,92.002,340.244,341.439,7,,,,,,,,,,,,,,,,,,,,,,,,,,,,,,,,,,,,,,,,,,,,,,,,,,,"glucose, age, and bmi",6,0,6,6,6,2.118,130.399,131.637,16,8th,6,1,6,6,6,2.212,82.992,84.644,19,48,6,1,6,6,6,6.771,171.651,173.734,20,~98%,6,0,6,6,6,4.198,87.896,88.923,19,"""Glucose"" is a more important feature than ""diabetes pedigree function""",4,2,4,4,5,2.447,91.241,92.495,14,"glucose, age, and diabetespedigreefunction",5,4,2,3,3,7.854,176.452,177.502,18,Could not determine,5,6,3,1,3,17.879,200.053,202.974,28,Could not determine,3,6,5,3,3,25.222,374.609,376.447,29,~26%,3,6,6,5,4,40.616,270.218,271.966,21,Both features are equally important,4,5,4,3,3,33.928,248.498,249.399,18,6,6,6,6,,,,
TRUE,No experience,No experience,0,0,60.983,0,"glucose, bmi, and diabetespedigreefunction",6,1,6,6,6,22.672,62.397,66.4,8,3rd,4,5,5,5,5,158.627,330.015,332.692,12,34,6,5,6,6,6,88.568,352.957,357.697,11,~89%,4,5,5,5,5,46.39,390.014,414.547,12,Yes,5,4,5,5,5,164.77,257.232,303.541,10,46.965,46.965,157.676,1,"glucose, bmi, and diabetespedigreefunction",2,6,0,3,0,37.536,360.265,373.599,12,7th,4,3,3,1,1,97.059,125.176,127.979,9,Could not determine,1,6,0,0,0,117.38,136.487,138.9,6,~43%,2,6,2,1,0,173.417,280.48,283.501,11,"""Glucose"" is a more important feature than ""diabetes pedigree function""",4,3,4,2,2,68.74,88.343,90.544,7,,,,,,,,,,,,,,,,,,,,,,,,,,,,,,,,,,,,,,,,,,,,,,,,,,,,,,,,,,,,,,,,,,,,,,,,,,,,,,,,,,,,,,,,,,,,,,,,,,,,,,,,,0,0,0,0
TRUE,Graduate level machine learning course or equivilent,Graduate level machine learning course or equivilent,11.199,399.421,404.401,66,"glucose, bmi, and diabetespedigreefunction",6,1,6,6,6,3.202,135.19,157.473,37,3rd,6,0,6,6,6,1.116,66.141,70.488,28,34,5,3,5,3,2,49.882,503.579,577.343,79,~25%,6,2,6,5,6,9.227,204.646,222.193,44,Yes,6,1,6,6,6,6.277,175.037,177.602,34,109.215,176.827,178.123,11,"glucose, age, and bmi",4,2,6,6,6,0.695,429.962,430.671,37,7th,3,6,6,6,6,4.072,264.129,267.718,31,89,6,3,6,6,6,2.699,255.239,258.101,29,~43%,1,6,3,3,3,0.635,242.92,243.64,31,"""Glucose"" is a more important feature than ""diabetes pedigree function""",6,3,6,6,6,0.769,295.858,296.458,29,,,,,,,,,,,,,,,,,,,,,,,,,,,,,,,,,,,,,,,,,,,,,,,,,,,,,,,,,,,,,,,,,,,,,,,,,,,,,,,,,,,,,,,,,,,,,,,,,,,,,6,6,6,6,,,,
TRUE,No experience,No experience,22.749,22.749,84.549,1,,,,,,,,,,,,,,,,,,,,,,,,,,,,,,,,,,,,,,,,,,,,,,,,,,,0,0,33.141,0,,,,,,,,,,,,,,,,,,,,,,,,,,,,,,,,,,,,,,,,,,,,,,,,,,,"glucose, age, and bmi",6,2,6,6,4,29.969,41.253,43.078,6,8th,4,4,5,5,4,74.046,87.937,89.782,6,Could not determine,1,5,3,4,1,74.127,87.643,89.267,6,Could not determine,0,5,0,5,1,56.582,75.326,77.954,7,"""Glucose"" is a more important feature than ""diabetes pedigree function""",2,4,4,5,2,61.962,77.678,79.583,7,"glucose, bmi, and diabetespedigreefunction",2,4,2,4,1,107.446,120.451,122.158,6,4th,4,4,4,4,2,71.541,82.383,84.217,6,Could not determine,1,4,3,4,1,68.399,78.771,80.148,6,Could not determine,1,4,3,4,1,78.028,88.507,89.98,6,Yes,2,3,3,4,1,38.526,52,53.532,6,,,,,5,5,5,5
TRUE,Read a few articles online,No experience,0,0,81.546,0,"glucose, bmi, and diabetespedigreefunction",6,4,5,5,5,6.003,59.115,62.202,11,3rd,6,2,6,5,5,4.511,41.397,43.468,10,34,6,3,6,5,6,3.909,38.684,40.318,11,~75%,5,5,5,4,4,6.714,48.392,50.135,10,Yes,5,4,5,5,5,16.893,60.633,63.183,9,75.334,75.334,88.054,1,"glucose, bmi, and diabetespedigreefunction",4,4,6,3,4,33.476,84.261,88.473,8,Could not determine,3,4,3,3,3,19.874,33.77,37.491,8,48,4,4,4,3,3,6.461,60.473,62.402,11,~43%,3,4,3,4,3,14.36,77.458,80.396,11,"""Glucose"" is a more important feature than ""diabetes pedigree function""",2,4,3,3,4,64.286,84.333,87.929,8,,,,,,,,,,,,,,,,,,,,,,,,,,,,,,,,,,,,,,,,,,,,,,,,,,,,,,,,,,,,,,,,,,,,,,,,,,,,,,,,,,,,,,,,,,,,,,,,,,,,,6,6,6,6,,,,
TRUE,No experience,No experience,20.351,20.351,21.405,1,,,,,,,,,,,,,,,,,,,,,,,,,,,,,,,,,,,,,,,,,,,,,,,,,,,7.993,47.487,48.344,3,,,,,,,,,,,,,,,,,,,,,,,,,,,,,,,,,,,,,,,,,,,,,,,,,,,"glucose, age, and bmi",6,0,6,5,5,3.153,33.187,33.844,21,8th,6,0,6,5,5,3.51,37.699,38.448,21,48,6,0,6,4,4,12.527,80.463,81.28,19,~98%,6,0,6,5,5,2.174,36.983,37.732,22,"""Glucose"" is a more important feature than ""diabetes pedigree function""",6,0,6,5,5,1.394,58.362,58.977,16,Could not determine,0,6,1,3,3,13.198,140.398,141.644,21,3rd,5,4,2,4,4,24.108,198.273,199.815,19,34,5,0,4,3,3,14.444,50.913,51.554,18,~5%,4,5,3,3,3,12.656,198.783,199.425,28,Yes,5,2,3,3,3,19.136,78.622,79.592,22,6,6,6,6,,,,
TRUE,Read a few articles online,Read a few articles online,17.413,20.892,22.097,3,,,,,,,,,,,,,,,,,,,,,,,,,,,,,,,,,,,,,,,,,,,,,,,,,,,12.241,37.936,53.465,6,,,,,,,,,,,,,,,,,,,,,,,,,,,,,,,,,,,,,,,,,,,,,,,,,,,"glucose, age, and bmi",5,2,6,5,5,1.887,46.724,47.35,14,8th,5,4,6,4,4,61.57,271.032,273.525,24,48,4,2,6,5,5,2.25,42.492,44.271,15,~98%,5,1,6,5,5,2.646,60.105,62.037,12,"""Glucose"" is a more important feature than ""diabetes pedigree function""",5,2,6,5,5,1.813,46.016,47.604,11,Could not determine,0,6,2,3,3,113.666,157.782,159.104,11,2nd,4,5,4,4,5,17.948,134.383,135.839,14,Could not determine,0,6,2,3,3,31.845,86.087,87.507,7,~26%,4,5,5,4,5,6.964,107.636,109.162,13,Yes,6,2,5,4,4,20.88,74.17,75.65,10,,,,,1,1,1,1
TRUE,Undergraduate machine learning course or equivilent,Undergraduate machine learning course or equivilent,12.814,20.724,22.041,5,,,,,,,,,,,,,,,,,,,,,,,,,,,,,,,,,,,,,,,,,,,,,,,,,,,35.828,49.611,50.219,9,,,,,,,,,,,,,,,,,,,,,,,,,,,,,,,,,,,,,,,,,,,,,,,,,,,Could not determine,0,6,0,0,0,2.161,56.18,56.999,21,Could not determine,0,6,1,1,1,4.337,73.716,74.61,21,Could not determine,0,6,2,2,2,3.661,52.667,53.344,20,~98%,6,2,6,6,6,1.475,78.028,78.624,17,"""Glucose"" is a more important feature than ""diabetes pedigree function""",6,6,4,4,4,9.082,107.831,108.387,21,Could not determine,0,6,1,1,1,42.446,130.582,131.245,25,2nd,6,6,4,4,4,3.918,203.694,204.257,26,23,6,6,3,4,3,27.914,166.813,169.311,29,Could not determine,6,6,1,1,2,37.1,165.855,168.747,34,No,6,6,3,3,2,8.613,152.196,152.825,24,,,,,3,3,3,3
TRUE,No experience,No experience,16.369,75.771,105.817,2,"glucose, bmi, and diabetespedigreefunction",5,2,4,4,5,4.648,94.495,95.451,12,Could not determine,4,6,2,4,4,53.682,61.488,62.431,8,34,4,1,4,4,4,7.374,37.821,39.567,14,Could not determine,4,2,4,4,3,17.425,50.501,52.122,17,Could not determine,3,6,2,4,2,129.089,140.796,142.304,11,9.679,192.767,193.546,5,"glucose, age, and bmi",4,2,4,4,4,2.007,117.816,118.235,16,7th,5,1,6,4,2,2.852,119.735,177.513,14,Could not determine,4,5,5,2,4,1.473,303.759,306.165,15,Could not determine,3,6,4,2,4,103.009,296.283,298.104,18,"""Glucose"" is a more important feature than ""diabetes pedigree function""",4,4,2,5,4,8.338,134.234,135.529,9,,,,,,,,,,,,,,,,,,,,,,,,,,,,,,,,,,,,,,,,,,,,,,,,,,,,,,,,,,,,,,,,,,,,,,,,,,,,,,,,,,,,,,,,,,,,,,,,,,,,,1,2,4,3,,,,
TRUE,Read a few articles online,Read a few articles online,0,0,180.975,0,"glucose, bmi, and diabetespedigreefunction",6,0,6,6,6,51.489,66.457,69.264,6,3rd,6,0,6,6,6,12.654,59.968,61.568,9,34,6,0,6,6,6,6.394,46.186,48.284,10,~25%,6,1,6,6,6,6.256,39.938,42.221,10,Yes,6,1,6,6,6,6.711,67.6,70.023,14,165.329,165.329,201.109,1,"glucose, age, and bmi",5,4,6,6,6,203.253,385.28,389.938,11,7th,4,4,6,6,6,221.884,242.097,244.493,9,34,6,3,5,6,6,205.658,295.978,298.001,8,Could not determine,6,5,4,3,3,244.982,267.711,269.642,8,"""Glucose"" is a more important feature than ""diabetes pedigree function""",6,5,6,6,6,165.513,219.068,223.027,8,,,,,,,,,,,,,,,,,,,,,,,,,,,,,,,,,,,,,,,,,,,,,,,,,,,,,,,,,,,,,,,,,,,,,,,,,,,,,,,,,,,,,,,,,,,,,,,,,,,,,,,,,0,0,0,0
TRUE,Read a few articles online,Read a few articles online,34.053,42.255,49.157,4,,,,,,,,,,,,,,,,,,,,,,,,,,,,,,,,,,,,,,,,,,,,,,,,,,,46.584,46.724,59.031,2,,,,,,,,,,,,,,,,,,,,,,,,,,,,,,,,,,,,,,,,,,,,,,,,,,,"glucose, age, and bmi",5,2,6,5,6,9.555,43.392,45.033,20,8th,5,0,4,5,4,2.098,31.78,33.185,18,48,6,0,4,4,4,1.594,39.801,41.027,16,~98%,4,0,5,4,4,3.179,33.101,34.414,15,"""Glucose"" is a more important feature than ""diabetes pedigree function""",5,1,4,4,5,3.836,60.12,61.176,19,Could not determine,3,3,4,2,2,3.689,12.24,13.753,10,2nd,3,4,4,3,3,9.328,17.215,18.76,11,34,4,3,3,2,2,26.46,34.17,35.49,10,Could not determine,4,3,3,3,2,11.047,139.569,143.584,14,Both features are equally important,4,3,4,4,3,14.143,21.955,23.849,14,0,0,0,0,,,,
TRUE,Read a few articles online,No experience,131.33,131.33,148.783,1,"glucose, bmi, and diabetespedigreefunction",6,0,6,5,5,11.3,78.389,80.69,9,3rd,5,1,6,5,5,6.292,79.393,81.435,8,34,6,0,6,5,5,21.951,86.146,87.537,11,~25%,6,0,6,5,5,7.873,45.73,47.578,15,Yes,6,1,6,5,5,3.166,68.717,70.296,10,176.855,273.049,276.32,3,Could not determine the answer,0,6,1,3,3,87.733,399.724,422.504,14,Could not determine,0,6,1,3,3,329.711,434.967,438.2,8,48,4,5,3,4,4,118.031,565.798,575.495,10,~98%,5,4,4,5,5,235.354,258.789,260.134,7,"""Glucose"" is a more important feature than ""diabetes pedigree function""",5,1,5,5,5,127.55,176.886,178.205,13,,,,,,,,,,,,,,,,,,,,,,,,,,,,,,,,,,,,,,,,,,,,,,,,,,,,,,,,,,,,,,,,,,,,,,,,,,,,,,,,,,,,,,,,,,,,,,,,,,,,,6,5,6,5,,,,
TRUE,Read a few articles online,Read a few articles online,0,0,403.173,0,,,,,,,,,,,,,,,,,,,,,,,,,,,,,,,,,,,,,,,,,,,,,,,,,,,43.136,167.87,169.135,3,,,,,,,,,,,,,,,,,,,,,,,,,,,,,,,,,,,,,,,,,,,,,,,,,,,"insulin, age, glucose",3,3,2,2,4,71.127,265.436,268.688,13,Could not determine,3,2,2,2,2,97.363,127.911,134.007,8,Could not determine,1,3,4,3,3,166.32,264.699,267.381,19,Could not determine,3,3,3,3,3,205.151,290.367,301.928,23,Could not determine,3,5,4,3,4,36.812,276.193,293.879,9,Could not determine,3,4,2,2,3,28.213,294.527,297.124,12,Could not determine,3,2,2,3,3,99.356,166.581,168.255,8,Could not determine,3,2,2,2,2,27.032,90.363,92.22,8,Could not determine,3,2,3,3,3,18.17,36.47,38.154,8,Could not determine,4,2,2,2,2,33.621,139.73,141.896,8,,,,,3,3,3,3
TRUE,Read a few articles online,Read a few articles online,38.078,59.247,93.774,2,"glucose, bmi, and diabetespedigreefunction",6,0,6,6,6,16.128,49.745,54.722,11,3rd,5,1,5,6,6,6.737,41.755,43.54,12,34,6,0,6,6,6,10.701,54.772,56.6,11,~25%,6,0,6,6,6,4.069,48.554,49.956,15,No,4,4,5,6,6,6.104,104.559,106.464,15,0,0,154.223,0,Could not determine the answer,3,6,3,5,5,136.939,153.059,154.699,9,7th,3,3,4,5,5,58.208,85.248,86.965,13,Could not determine,3,6,3,5,5,83.492,114.539,115.834,15,~43%,5,5,5,5,5,83.232,150.258,152.018,11,"""Glucose"" is a more important feature than ""diabetes pedigree function""",4,2,5,5,5,45.835,82.855,87.346,10,,,,,,,,,,,,,,,,,,,,,,,,,,,,,,,,,,,,,,,,,,,,,,,,,,,,,,,,,,,,,,,,,,,,,,,,,,,,,,,,,,,,,,,,,,,,,,,,,,,,,6,6,6,6,,,,
TRUE,Graduate level machine learning course or equivilent,Graduate level machine learning course or equivilent,39.71,78.188,95.187,7,"glucose, bmi, and diabetespedigreefunction",6,0,6,5,5,8.258,99.86,101.97,10,3rd,6,0,6,4,4,10.638,46.336,46.91,10,34,6,0,6,5,5,3.286,83.792,85.575,18,~25%,6,0,6,5,5,5.528,42.491,43.917,10,Yes,5,1,6,4,4,7.518,100.063,103.545,11,49.741,49.741,158.078,1,"glucose, age, and bmi",1,5,1,4,4,241.415,712.191,893.394,12,7th,4,1,6,6,5,10.958,323.157,366.596,15,48,6,0,6,6,5,44.629,77.585,83.497,7,~98%,5,1,6,5,5,8.849,196.933,213.327,15,"""Glucose"" is a more important feature than ""diabetes pedigree function""",4,1,6,5,5,8.209,96.435,183.969,13,,,,,,,,,,,,,,,,,,,,,,,,,,,,,,,,,,,,,,,,,,,,,,,,,,,,,,,,,,,,,,,,,,,,,,,,,,,,,,,,,,,,,,,,,,,,,,,,,,,,,,,,,2,1,1,4
TRUE,Graduate level machine learning course or equivilent,Undergraduate machine learning course or equivilent,0,0,17.537,0,"glucose, bmi, and diabetespedigreefunction",4,1,6,5,6,12.719,58.608,60.668,11,3rd,5,1,5,5,6,1.34,23.933,26.078,10,34,5,1,5,5,6,1.491,25.062,27.043,9,~25%,5,1,5,5,5,2.446,40.836,42.262,11,Yes,5,1,5,5,6,4.675,56.993,57.7,15,42.78,42.78,65.046,1,"glucose, age, and bmi",2,3,4,5,5,52.795,277.426,279.212,12,7th,4,2,4,4,4,11.84,56.021,56.385,8,48,5,2,4,4,4,73.122,86.85,88.731,6,~98%,2,4,2,3,4,202.135,218.709,220.15,6,"""Glucose"" is a more important feature than ""diabetes pedigree function""",4,2,4,4,4,81.264,118.45,120.429,7,,,,,,,,,,,,,,,,,,,,,,,,,,,,,,,,,,,,,,,,,,,,,,,,,,,,,,,,,,,,,,,,,,,,,,,,,,,,,,,,,,,,,,,,,,,,,,,,,,,,,6,6,6,6,,,,
TRUE,Read a few articles online,Read a few articles online,0,0,4.11,0,,,,,,,,,,,,,,,,,,,,,,,,,,,,,,,,,,,,,,,,,,,,,,,,,,,0,0,33.598,0,,,,,,,,,,,,,,,,,,,,,,,,,,,,,,,,,,,,,,,,,,,,,,,,,,,"glucose, age, and bmi",4,2,4,4,4,3.173,31.247,58.719,9,8th,6,0,6,5,5,4.04,29.521,32.018,7,48,5,1,5,5,5,3.8,38.511,40.278,15,~98%,4,4,4,4,4,3.3,50.638,52.363,16,"""Glucose"" is a more important feature than ""diabetes pedigree function""",4,2,4,4,4,4.14,51.325,53.104,10,Could not determine,1,5,1,2,2,27.821,47.534,50.203,8,4th,4,2,4,4,4,41.791,63.532,66.753,8,Could not determine,1,5,1,1,1,14.582,30.378,32.453,7,~75%,4,4,4,4,4,43.056,57.5,59.341,8,Yes,4,2,4,4,4,32.822,48.525,50.397,11,,,,,0,0,0,0
TRUE,Read a few articles online,Read a few articles online,37.811,37.811,75.647,1,,,,,,,,,,,,,,,,,,,,,,,,,,,,,,,,,,,,,,,,,,,,,,,,,,,0,0,17.031,0,,,,,,,,,,,,,,,,,,,,,,,,,,,,,,,,,,,,,,,,,,,,,,,,,,,"glucose, age, and bmi",6,0,6,5,6,2.957,33.501,36.185,14,8th,6,0,5,5,5,2.147,26.686,28.48,11,48,6,0,6,5,5,21.611,50.281,51.917,14,~98%,6,1,6,6,5,3.433,29.454,30.901,11,"""Glucose"" is a more important feature than ""diabetes pedigree function""",6,1,5,5,5,3.686,54.181,56.083,16,"diabetespedigreefunction, income, and gender",1,5,2,4,2,115.182,140.575,180.282,6,3rd,4,5,4,4,4,102.537,122.824,124.77,11,Could not determine,0,5,2,3,3,56.037,101.174,104.094,15,~26%,4,2,4,4,4,36.113,52.12,54.42,6,Yes,2,4,2,3,3,56.207,75.665,76.768,9,,,,,0,0,0,0
TRUE,No experience,Read a few articles online,23.168,23.168,54.552,1,,,,,,,,,,,,,,,,,,,,,,,,,,,,,,,,,,,,,,,,,,,,,,,,,,,0,0,56.54,0,,,,,,,,,,,,,,,,,,,,,,,,,,,,,,,,,,,,,,,,,,,,,,,,,,,"glucose, age, and bmi",6,0,6,5,5,12.317,50.859,53.338,8,8th,6,0,6,6,6,6.04,49.466,51.715,10,48,6,0,6,5,5,6.772,50.149,51.552,15,~98%,6,0,6,6,6,5.79,37.527,39.086,11,"""Glucose"" is a more important feature than ""diabetes pedigree function""",6,0,6,6,6,4.113,47.307,49.193,9,"glucose, age, and diabetespedigreefunction",5,4,1,2,2,96.336,130.34,145.872,10,3rd,4,3,2,2,2,45.68,119.487,122.665,11,34,6,4,1,3,2,133.711,151.388,160.67,11,~26%,4,6,2,2,1,83.583,243.022,266.761,9,Yes,6,1,3,3,2,52.911,68.728,71.452,8,6,6,6,6,,,,
TRUE,Read a few articles online,Read a few articles online,20.342,75.602,88.155,15,,,,,,,,,,,,,,,,,,,,,,,,,,,,,,,,,,,,,,,,,,,,,,,,,,,0,0,44.219,0,,,,,,,,,,,,,,,,,,,,,,,,,,,,,,,,,,,,,,,,,,,,,,,,,,,"glucose, age, and bmi",6,0,6,6,6,14.009,42.487,44.221,13,8th,6,0,6,6,6,5.999,29.486,31.728,10,Could not determine,4,1,6,6,6,29.426,53.33,55.559,18,~100%,6,0,6,6,6,13.959,61.581,63.735,10,"""Diabetes pedigree function"" is a more important feature than ""glucose""",6,0,6,6,6,3.8,72.388,73.89,14,"glucose, bmi, and diabetespedigreefunction",1,6,1,1,1,4.69,152.442,155.281,14,Could not determine,0,6,1,1,1,6.931,171.036,172.161,13,Could not determine,1,6,1,1,1,49.796,215.809,217.477,11,~26%,2,6,6,2,2,18.652,34.771,36.376,11,Both features are equally important,2,6,2,2,2,30.436,44.298,45.429,11,6,6,6,6,,,,
TRUE,Read a few articles online,No experience,100.501,100.501,121.111,1,"glucose, bmi, and diabetespedigreefunction",6,0,6,6,6,57.624,69.743,70.896,7,1st,6,0,6,6,6,31.784,66.2,67.978,7,Could not determine,0,5,4,2,3,70.675,442.96,447.336,15,~25%,6,1,6,5,5,209.484,227.666,229.857,12,Yes,6,0,6,6,6,29.449,73.598,75.793,7,28.017,37.184,46.612,3,"glucose, age, and bmi",5,6,3,3,2,267.091,334.452,336.19,31,Could not determine,4,2,3,3,3,133.761,147.843,178.976,8,34,5,2,5,5,4,20.88,100.2,101.827,11,~98%,6,4,5,5,4,107.639,130.68,131.85,8,"""Glucose"" is a more important feature than ""diabetes pedigree function""",6,0,6,6,6,33.276,44.402,45.547,9,,,,,,,,,,,,,,,,,,,,,,,,,,,,,,,,,,,,,,,,,,,,,,,,,,,,,,,,,,,,,,,,,,,,,,,,,,,,,,,,,,,,,,,,,,,,,,,,,,,,,,,,,1,2,0,0
TRUE,Read a few articles online,No experience,69.552,72.41,118.298,2,"glucose, bmi, and diabetespedigreefunction",6,1,6,5,5,21.143,99.834,102.156,12,3rd,6,1,6,5,5,11.3,40.196,41.842,11,34,6,2,6,5,5,92.288,177.278,193.261,20,~25%,6,1,6,6,5,16.518,78.202,79.729,12,Yes,6,1,5,5,5,14.591,110.249,111.971,18,9.164,64.098,144.024,2,"glucose, age, and bmi",4,4,4,3,4,85.4,345.454,347.041,18,7th,6,3,4,4,3,29.79,232.904,233.385,14,48,2,4,3,3,3,31.676,411.085,413.988,8,~98%,6,2,5,5,5,104.044,131.539,132.206,15,"""Glucose"" is a more important feature than ""diabetes pedigree function""",6,2,5,4,4,81.493,113.489,113.989,13,,,,,,,,,,,,,,,,,,,,,,,,,,,,,,,,,,,,,,,,,,,,,,,,,,,,,,,,,,,,,,,,,,,,,,,,,,,,,,,,,,,,,,,,,,,,,,,,,,,,,6,6,6,6,,,,
TRUE,Read a few articles online,No experience,0,0,384.94,0,"glucose, bmi, and diabetespedigreefunction",5,2,4,3,3,192.874,209.247,209.7,14,3rd,5,1,4,4,4,100.073,126.939,127.736,23,34,5,4,3,3,3,151.663,239.542,241.118,40,~25%,4,2,4,3,3,264.698,284.357,286.528,14,Yes,4,2,3,4,4,158.237,170.174,172.172,15,0,0,228.093,0,Could not determine the answer,0,6,1,1,1,325.148,340.704,343.895,24,7th,4,3,3,2,2,66.821,181.272,182.439,23,48,3,4,2,2,2,169.295,294.618,296.615,16,~98%,5,1,4,3,3,83.912,95.179,96.472,14,"""Glucose"" is a more important feature than ""diabetes pedigree function""",5,2,4,3,3,101.928,128.166,129.374,18,,,,,,,,,,,,,,,,,,,,,,,,,,,,,,,,,,,,,,,,,,,,,,,,,,,,,,,,,,,,,,,,,,,,,,,,,,,,,,,,,,,,,,,,,,,,,,,,,,,,,,,,,1,1,1,1
TRUE,Read a few articles online,Read a few articles online,2443.124,2443.124,2452.578,1,,,,,,,,,,,,,,,,,,,,,,,,,,,,,,,,,,,,,,,,,,,,,,,,,,,16.761,16.761,85.392,1,,,,,,,,,,,,,,,,,,,,,,,,,,,,,,,,,,,,,,,,,,,,,,,,,,,"glucose, age, and bmi",6,1,5,4,5,24.672,67.495,70.325,14,8th,4,0,4,5,5,2.348,69.604,71.531,15,48,6,1,5,5,5,23.537,55.335,57.333,9,~98%,6,0,6,5,5,5.315,46.21,47.693,13,"""Glucose"" is a more important feature than ""diabetes pedigree function""",5,0,5,5,5,5.014,65.617,67.229,15,Could not determine,0,5,2,4,5,61.817,233.401,235.625,10,3rd,5,1,5,5,5,32.396,69.633,71.3,11,34,5,3,4,5,5,137.852,149.225,151.909,7,~26%,4,4,5,5,5,23.53,212.916,214.497,9,Yes,4,4,5,5,5,43.107,196.209,198.485,9,5,5,6,4,,,,
TRUE,No experience,No experience,14.72,162.796,166.314,4,Could not determine,0,0,0,0,0,9.884,75.755,77.018,13,Could not determine,0,0,0,0,0,10.616,88.05,89.349,28,Could not determine,0,0,0,0,0,10.497,168.203,209.904,20,Could not determine,0,0,0,0,0,3.748,62.387,63.813,17,Could not determine,0,0,0,0,0,4.075,71.87,73.613,15,21.133,306.069,307.725,13,"glucose, age, and bmi",4,5,5,5,6,18.162,337.014,337.998,38,7th,6,2,6,6,6,18.466,210.3,213.143,24,34,6,6,6,6,6,15.988,86.848,87.9,18,~98%,4,5,5,6,6,13.002,373.169,374.763,37,"""Glucose"" is a more important feature than ""diabetes pedigree function""",4,5,4,5,6,212.736,480.452,481.542,23,,,,,,,,,,,,,,,,,,,,,,,,,,,,,,,,,,,,,,,,,,,,,,,,,,,,,,,,,,,,,,,,,,,,,,,,,,,,,,,,,,,,,,,,,,,,,,,,,,,,,,,,,6,6,6,6
TRUE,Read a few articles online,No experience,0,0,115.452,0,"glucose, bmi, and diabetespedigreefunction",6,0,6,6,6,7.763,163.941,164.291,10,3rd,6,0,6,6,6,19.458,170.498,172.969,18,34,6,0,6,6,6,35.935,181.165,184.929,14,~25%,6,0,6,6,6,16.759,157.85,160.982,12,Yes,6,0,6,6,6,35.686,154.209,155.221,11,0,0,2072.632,0,Could not determine the answer,0,6,1,2,2,1937.635,1954.198,1955.981,15,4th,4,4,3,1,1,7.997,383.771,385.24,20,Could not determine,0,5,1,1,1,11.946,24.54,25.679,12,Could not determine,0,5,1,1,1,9.82,22.374,25.109,11,"""Glucose"" is a more important feature than ""diabetes pedigree function""",6,1,5,2,2,43.357,85.37,88.022,9,,,,,,,,,,,,,,,,,,,,,,,,,,,,,,,,,,,,,,,,,,,,,,,,,,,,,,,,,,,,,,,,,,,,,,,,,,,,,,,,,,,,,,,,,,,,,,,,,,,,,,,,,0,0,0,0
TRUE,Read a few articles online,Graduate level machine learning course or equivilent,0,0,86.068,0,,,,,,,,,,,,,,,,,,,,,,,,,,,,,,,,,,,,,,,,,,,,,,,,,,,0,0,26.586,0,,,,,,,,,,,,,,,,,,,,,,,,,,,,,,,,,,,,,,,,,,,,,,,,,,,"glucose, age, and bmi",4,3,3,3,3,2.348,31.349,35.865,8,8th,4,3,3,3,3,5.909,34.501,35.834,8,48,4,3,3,3,3,9.915,46.601,59.67,12,~98%,4,3,3,3,3,13.818,387.787,423.298,33,"""Diabetes pedigree function"" is a more important feature than ""glucose""",4,3,3,3,3,12.744,136.681,156.058,9,Could not determine,3,3,3,3,3,58.46,80.554,90.856,10,4th,4,4,3,3,3,35.74,46.892,49.135,7,34,4,3,3,3,3,36.009,46.943,51.806,6,~26%,4,4,3,3,3,82.047,95.733,97.264,6,Yes,4,2,4,3,3,14.422,29.001,30.688,6,3,2,4,2,,,,
TRUE,Graduate level machine learning course or equivilent,Graduate level machine learning course or equivilent,20.692,20.692,31.936,1,"glucose, bmi, and diabetespedigreefunction",6,0,6,6,6,2.672,30.69,32.312,7,3rd,6,0,6,6,6,4.688,24.914,26.335,7,34,6,0,6,6,6,3.519,30.426,31.913,8,~25%,6,0,6,6,6,4.471,33.549,35.265,9,Yes,6,0,6,6,6,20.975,54.693,56.712,7,64.155,64.155,132.562,1,Could not determine the answer,2,5,1,3,2,397.68,839.095,841.614,15,7th,3,1,4,3,3,38.256,128.117,129.91,13,48,5,0,6,4,4,69.716,89.959,90.464,9,~98%,5,1,5,2,3,40.674,100.66,109.492,11,"""Glucose"" is a more important feature than ""diabetes pedigree function""",6,1,5,3,4,37.636,189.942,198.501,15,,,,,,,,,,,,,,,,,,,,,,,,,,,,,,,,,,,,,,,,,,,,,,,,,,,,,,,,,,,,,,,,,,,,,,,,,,,,,,,,,,,,,,,,,,,,,,,,,,,,,,,,,0,0,0,1
TRUE,Machine learning professional or have published research articles on machine learning,Explainable machine learning professional or have published research articles on explainable machine learning,41.508,65.479,67.552,2,,,,,,,,,,,,,,,,,,,,,,,,,,,,,,,,,,,,,,,,,,,,,,,,,,,0,0,16.954,0,,,,,,,,,,,,,,,,,,,,,,,,,,,,,,,,,,,,,,,,,,,,,,,,,,,"glucose, age, and bmi",4,0,4,2,2,6.816,59.793,64.492,17,8th,5,0,4,4,2,0.035,73.496,75.122,19,48,2,0,2,2,2,12.994,54.075,77.363,18,~98%,1,0,4,4,4,8.458,231.103,233.529,23,"""Glucose"" is a more important feature than ""diabetes pedigree function""",5,1,1,2,1,62.922,214.708,244.953,8,Could not determine,2,5,2,5,5,90.372,137.129,140.403,13,3rd,5,1,5,5,5,24.856,37.039,38.715,10,34,5,5,6,6,6,400.043,576.126,605.239,24,~75%,5,5,5,5,5,181.523,197.277,199.478,9,Yes,5,4,5,5,5,149.346,203.627,205.557,15,4,0,4,0,,,,
TRUE,No experience,No experience,54.954,104.203,112.292,9,"glucose, bmi, and diabetespedigreefunction",6,0,6,6,6,4.011,33.416,34.902,7,3rd,6,0,6,6,6,4.978,33.632,35.232,7,34,6,0,6,6,6,9.758,51.446,52.947,7,~25%,5,1,6,6,6,14.737,108.208,109.594,16,Yes,6,0,6,6,6,3.854,63.975,65.461,11,0,0,65.58,0,"insulin, age, glucose",0,6,0,0,0,162.989,181.361,183.367,6,6th,2,6,0,0,0,213.681,241.318,243.069,6,Could not determine,6,6,2,0,0,111.337,149.988,154.808,6,~98%,4,4,2,1,1,96.506,172.326,173.944,7,"""Glucose"" is a more important feature than ""diabetes pedigree function""",4,2,4,1,1,74.774,92.676,95.746,6,,,,,,,,,,,,,,,,,,,,,,,,,,,,,,,,,,,,,,,,,,,,,,,,,,,,,,,,,,,,,,,,,,,,,,,,,,,,,,,,,,,,,,,,,,,,,,,,,,,,,,,,,0,0,0,0
TRUE,Read a few articles online,No experience,12.584,109.569,111.026,3,"glucose, bmi, and diabetespedigreefunction",5,1,6,5,6,7.254,50.355,51.746,13,1st,6,0,6,6,6,3.202,59.26,60.478,18,34,5,0,6,5,5,2.716,44.258,45.627,12,~25%,6,0,6,6,6,2.884,78.307,79.339,15,Yes,4,1,6,5,5,3.021,82.366,83.475,14,12.649,134.979,136.071,11,Could not determine the answer,3,4,0,2,3,12.764,139.175,142.457,17,7th,5,3,5,4,4,21.103,126.203,127.603,20,322,4,2,6,5,4,21.249,99.287,101.138,13,~43%,4,2,4,3,4,4.876,115.269,116.264,25,"""Glucose"" is a more important feature than ""diabetes pedigree function""",5,1,6,5,5,8.656,57.916,58.981,15,,,,,,,,,,,,,,,,,,,,,,,,,,,,,,,,,,,,,,,,,,,,,,,,,,,,,,,,,,,,,,,,,,,,,,,,,,,,,,,,,,,,,,,,,,,,,,,,,,,,,6,6,6,6,,,,
TRUE,No experience,No experience,67.008,299.511,305.651,2,,,,,,,,,,,,,,,,,,,,,,,,,,,,,,,,,,,,,,,,,,,,,,,,,,,8.33,273.979,281.818,2,,,,,,,,,,,,,,,,,,,,,,,,,,,,,,,,,,,,,,,,,,,,,,,,,,,"glucose, age, and bmi",6,0,6,6,6,14.39,71.033,73.017,8,8th,6,0,6,6,6,7.716,53.126,55.289,7,48,6,0,6,5,6,51.574,153.325,168.668,8,~98%,6,0,6,6,6,11.042,74.231,77.789,8,"""Glucose"" is a more important feature than ""diabetes pedigree function""",6,0,6,5,6,13.531,131.648,138.614,9,Could not determine,2,5,1,5,6,337.823,383.073,421.813,8,1st,5,4,6,5,6,297.499,343.176,399.561,7,34,5,3,5,5,6,179.221,211.439,213.862,6,~26%,6,1,6,6,6,126.749,154.667,157.366,7,No,6,0,6,6,6,55.372,103.914,105.97,6,5,3,6,2,,,,
TRUE,No experience,No experience,62.538,64.404,77.261,2,"glucose, bmi, and diabetespedigreefunction",6,1,6,6,6,124.033,163.675,165.888,10,3rd,6,0,6,6,6,41.502,96.821,98.374,8,34,6,0,6,6,6,65.619,111.44,113.44,11,~25%,6,1,6,6,6,64.557,114.428,116.23,10,Yes,6,0,6,6,6,26.173,39.827,42.214,6,0,0,75.077,0,Could not determine the answer,5,5,1,5,5,427.918,453.722,551.339,9,7th,5,1,6,5,5,48.1,158.986,160.381,13,48,5,2,6,6,6,204.489,230.194,232.263,13,Could not determine,5,5,2,4,4,95.616,264.833,266.634,10,"""Glucose"" is a more important feature than ""diabetes pedigree function""",6,0,6,6,6,61.885,98.69,100.458,10,,,,,,,,,,,,,,,,,,,,,,,,,,,,,,,,,,,,,,,,,,,,,,,,,,,,,,,,,,,,,,,,,,,,,,,,,,,,,,,,,,,,,,,,,,,,,,,,,,,,,,,,,2,2,2,2
TRUE,Read a few articles online,Read a few articles online,24.784,34.203,37.477,3,,,,,,,,,,,,,,,,,,,,,,,,,,,,,,,,,,,,,,,,,,,,,,,,,,,35.692,35.692,38.855,1,,,,,,,,,,,,,,,,,,,,,,,,,,,,,,,,,,,,,,,,,,,,,,,,,,,"glucose, age, and bmi",4,0,6,6,6,2.546,26.733,28.332,13,8th,4,0,6,6,6,7.4,47.953,49.961,10,48,4,0,6,6,6,4.425,34.094,35.88,11,~98%,4,0,6,6,6,5.32,36.618,38.366,11,"""Glucose"" is a more important feature than ""diabetes pedigree function""",4,0,6,6,6,2.774,54.962,56.612,17,"glucose, age, and diabetespedigreefunction",0,2,2,0,0,78.479,99.329,101.791,7,Could not determine,0,5,0,0,0,66.738,79.365,81.266,12,34,3,1,4,0,0,43.63,58.587,60.534,9,~5%,0,6,0,0,0,75.22,300.926,309.78,16,Could not determine,0,5,0,0,0,70.651,95.966,97.985,11,,,,,0,0,0,0
TRUE,Graduate level machine learning course or equivilent,Undergraduate machine learning course or equivilent,129.011,155.238,249.932,6,"glucose, bmi, and diabetespedigreefunction",5,3,5,5,5,134.06,200.356,202.734,11,3rd,5,3,5,5,3,70.929,153.002,155.101,15,34,5,3,5,5,5,69.094,126.505,127.997,9,~25%,4,3,5,4,5,8.463,93.026,94.839,13,Yes,5,3,5,4,5,50.956,124.105,125.349,11,0,0,137.657,0,"glucose, bmi, and diabetespedigreefunction",4,2,2,3,2,94.912,118.91,121.289,11,Could not determine,3,3,3,3,3,77.182,86.367,88.403,7,Could not determine,3,3,3,3,3,108.577,118.818,121.148,7,Could not determine,2,3,2,2,2,34.944,51.402,53.361,6,Could not determine,2,2,2,2,2,25.623,40.945,43.009,12,,,,,,,,,,,,,,,,,,,,,,,,,,,,,,,,,,,,,,,,,,,,,,,,,,,,,,,,,,,,,,,,,,,,,,,,,,,,,,,,,,,,,,,,,,,,,,,,,,,,,6,6,6,6,,,,
TRUE,Graduate level machine learning course or equivilent,Read a few articles online,0,0,24.3,0,,,,,,,,,,,,,,,,,,,,,,,,,,,,,,,,,,,,,,,,,,,,,,,,,,,10.247,10.247,26.99,1,,,,,,,,,,,,,,,,,,,,,,,,,,,,,,,,,,,,,,,,,,,,,,,,,,,"glucose, age, and bmi",6,1,5,4,5,148.707,180.441,182.818,8,8th,6,0,5,4,5,56.157,71.696,73.636,9,48,2,5,2,3,2,612.446,823.235,826.074,11,~98%,5,0,5,4,5,47.24,65.73,67.937,12,"""Glucose"" is a more important feature than ""diabetes pedigree function""",6,0,5,4,5,48.61,80.696,82.77,14,Could not determine,2,5,1,3,0,121.396,231.666,233.593,7,4th,6,0,5,4,4,53.972,75.89,76.832,15,34,6,0,5,4,5,50.11,86.364,88.003,7,~26%,6,1,5,4,5,175.348,198.187,201.412,12,Yes,5,2,4,4,4,73.104,114.925,116.598,7,2,4,2,2,,,,